{"cameraMode":{"drawMode":0,"name":"Shaded","section":"Shading Mode"},"sceneLighting":true,"audioPlay":false,"sceneViewState":{"m_AlwaysRefresh":false,"showFog":true,"showSkybox":true,"showFlares":true,"showImageEffects":true,"showParticleSystems":true,"showVisualEffectGraphs":true,"m_FxEnabled":true},"in2DMode":false,"pivot":{"x":-4.508593559265137,"y":2.1230504512786867,"z":-5.531937122344971},"rotation":{"x":0.11009000986814499,"y":-0.03875289484858513,"z":0.0042955935932695869,"w":0.9931584000587463},"size":2.84230375289917,"orthographic":false}