{"cameraMode":{"drawMode":0,"name":"Shaded","section":"Shading Mode"},"sceneLighting":true,"audioPlay":false,"sceneViewState":{"m_AlwaysRefresh":false,"showFog":true,"showSkybox":true,"showFlares":true,"showImageEffects":true,"showParticleSystems":true,"showVisualEffectGraphs":true,"m_FxEnabled":true},"in2DMode":false,"pivot":{"x":0.5660996437072754,"y":6.706178665161133,"z":-5.560139179229736},"rotation":{"x":0.09197501093149185,"y":-0.07907760143280029,"z":0.0073273563757538799,"w":0.9925904870033264},"size":15.37527084350586,"orthographic":false}