{"cameraMode":{"drawMode":0,"name":"Shaded","section":"Shading Mode"},"sceneLighting":false,"audioPlay":false,"sceneViewState":{"m_AlwaysRefresh":false,"showFog":true,"showSkybox":true,"showFlares":true,"showImageEffects":true,"showParticleSystems":true,"showVisualEffectGraphs":true,"m_FxEnabled":true},"in2DMode":false,"pivot":{"x":-0.4732321500778198,"y":1.332897663116455,"z":-2.3260326385498049},"rotation":{"x":0.00017063281848095357,"y":0.9953998923301697,"z":-0.09585286676883698,"w":0.0017875394551083446},"size":14.43409252166748,"orthographic":false}