{"cameraMode":{"drawMode":0,"name":"Shaded","section":"Shading Mode"},"sceneLighting":false,"audioPlay":false,"sceneViewState":{"m_AlwaysRefresh":false,"showFog":true,"showSkybox":true,"showFlares":true,"showImageEffects":true,"showParticleSystems":true,"showVisualEffectGraphs":true,"m_FxEnabled":true},"in2DMode":false,"pivot":{"x":1.287254810333252,"y":1.811900019645691,"z":2.5415964126586916},"rotation":{"x":0.00485555175691843,"y":0.9852660894393921,"z":-0.16862045228481294,"w":0.02837948314845562},"size":8.232916831970215,"orthographic":false}